platform_Name,movieId,title,genres,director ,starring
Chorki,1,SHUKLOPOKKHO,ROMANTIC THRILLER,Vicky Zahed,"Khairul Basar, Sunerah Binte Kamal, Ziaul Roshan, Faruk ahmed, Sharif Siraj, Abdullah Shentu"
Chorki,2,SHILPI,DRAMA,Agragami,"Uttam Kumar, Suchitra Sen"
Chorki,3,SHAREY CHUATTOR,DRAMA,Nirmal Dey,"Uttam Kumar, Suchitra Sen, Tulsi Chakraborty"
Chorki,4,SAGARIKA,DRAMA,Agragami,"Uttam Kumar, Suchitra Sen, Jamuna Sinha, Namita Sinha"
Chorki,5,DEEP JWELEY JAI,DRAMA,Asit Sen,"Suchitra Sen, Tulsi Chakraborty, Ajit Chatterjee, Anil Chatterjee"
Chorki,6,BIPASHA,DRAMA,Agradoot,"Uttam Kumar, Suchitra Sen"
Chorki,7,AGNI PARIKSHA,DRAMA,Agradoot,"Uttam Kumar, Suchitra Sen"
Chorki,8,VALOBASHI TAI,LOVE STORY,Shihab Shaheen,"Arifin Shuvoo, Tisha"
Chorki,9,GUNIN,DRAMA,Gias Uddin Selim,"Pori Moni, Shariful Razz, Azad Abul Kalam, Dilara Zaman, Iresh Zaker, Mostafa Monwar, Bithy Rani Sarker, Shilpi Sharkar Apu, Nasir Uddin Khan"
Chorki,10,SHUVAA,DRAMA,Chashi Nazrul Islam,"Shakib Khan, Purnima"
Chorki,11,DUBSHATAR,DRAMA,Nurul Alam Atique,"Jaya Ahsan, Shehzad Chowdhury, Ashok Bepari"
Chorki,12,TAAN,ROMANTIC DRAMA,Raihan Rafi,"Siam Ahmed, Shobnom Bubly, Shohel Mondol, Nilanjana Nila, Farjana Chabi"
Chorki,13,REDRUM,THRILLER,Vicky Zahed,"Afran Nisho, Mehazabien Chowdhury, Manoj Kumar Pramanik, Sallha Khanam Nadia, Nasir Uddin Khan, Azizul Hakim, Masum Basar, Shilpi Sharkar Apu, Mukul Shiraj, Hindol Roy, Faizul Yameen, R A Rahul, Rakiba Sultana Shormy, Ehtesham Ahmed Tinku, Salma, and many more."
Chorki,14,ANGAAR,DRAMA,Wazed Ali Sumon,"Om, Falguni Rahman Jolly, Ashish Vidyarthi, Amit Hasan, Rajatava Dutta"
Chorki,15,HERO 420,COMEDY,"Saikat Nasir, Sujit Mondal","Om, Nusraat Faria, Riya Sen, Ashish Vidyarthi"
Chorki,16,ROMEO VS JULIET,COMEDY,Ashok Pati,"Mahiya Mahi, Ankush Hazra, Nita Mistry, Kharaj Mukherjee, Supriyo Dutta, Ali Raj, Tulika Basu"
Chorki,17,BHALOBASHA AAJ KAL,ROMANTIC,P.A. Kajal,"Shakib Khan, Mahiya Mahi, Ali Raj, Ziaul Hoque Polash, Misha Sawdagor"
Chorki,18,AASHIQUI: TRUE LOVE,ROMANCE,"Ashok Pati, Abdul Aziz","Ankush Hazra, Nusrat Faria, Arindam Dutta, Rajatava Dutta"
Chorki,19,AGNEE,ACTION,Iftakar Chowdhury,"Mahiya Mahi, Arifin Shuvoo, Aliraj"
Chorki,20,NICE TO MEET YOU,ROMANTIC,Rasel Shikdar,"Mumtaheena Chowdhury Toya, Tamim Mridha"
Chorki,21,FAGUN THEKE FAGUNE,ROMANTIC,Amitabh Reza Chowdhury,"Safa Kabir, Sudip Biswas Deep"
Chorki,22,AR THEKO NA DURE,ROMANTIC,Raka Noshin Nower,"Sunerah Binte Kamal, Irfan Sajjad"
Chorki,23,BOKUL FUL,THRILLER,Saraf Ahmed Zibon,"Mosharraf Karim, Tasnuva Tisha, Hindol Roy, Masud Harun, Sheikh Merajul Islam, Hedayet Nannu, Hasnat Ripon, Tuhin Chowdhury, Deepak Karmakar, Sheikh Shawpna, Shetaj Jebin, Ariyan."
Chorki,24,NETWORKER BAIRE ,FEEL GOOD,Mizanur Rahman Aryan,"Sariful Razz,Yash Rohan, Khairul Basar, Jonayed Bukdadi, Nazia Haque Orsha,Tasnia Farin, Nazifa Tushi,Tasnuva Tisha, Shamima Naznin,Manosh Bandapadhaya,Mahmood Sajjad,Munira Yusuf Memi"
Chorki,25,WAITING ROOM,FICTION,Mostofa Sarwar Farooki,"Arifin Shuvo, Nusrat Imrose Tisha, Faisal Ahsan Ullah, Samia Rahman, Dicon Nur, Ahsan Kabir"
Chorki,26,OFF BEAT,ROMANTIC,Afsana Mimi,"Joya Ahsan, Tahsan, Jon Kabir, Intekhab Dinar, Shamim Hossain, Shakib & Black"
Chorki,27,JODI JANTE,SHORT FILM,Lasker Niaz,"Yash Rohan, Sumaiya Heme"
Chorki,28,NISHWAS ,ACTION,Raihan Rafi,"Tasnia Farin, Imtiaz Barshon, Solaiman Khoka, Dilara Zaman, Safa Kabir, Sayed Zaman Shawon, Ashok Bepari, Hamidur Rahman, Neel Hurerzahan, Kamruzzaman Tapu, Rashed Mamun Apu, Farhad Limon, Farzana Chobi, Anwar Hossain, Purnima Bristi, Masum Rezwan, Rusho Sheikh, Jon Armstrong, Sujon Habib"
Chorki,29,THEERAN,ACTION,H. Vinoth,"Karthi, Rakul Preet Singh, Abhimanyu Singh"
Chorki,30,GOHINE SHOBDO,ACTION,Khalid Mahmood Mithu,"Emon, Kusum Sikder"
Chorki,31,SCOOTY,DRAMA,Arifur Rahman,"Nazifa Tushi, Siam Raihan, Shangeeta Chowdhury, Ashok Bepari, Hedayet Nannu, Adnan Adib Khan, Ashfakul Ashekin,Reshmee, Mohona , Shashi Afroza, Sonia Yeasmin, Amin, Maria, Tanisha, Ohona, Krishna."
Chorki,32,DESHA: THE LEADER,ACTION,Saikat Nasir,"Shipan Mitra, Mahiya Mahi,Tariq Anam Khan"
Chorki,33,BHALOBASHA AAJ KAL,ROMANTIC,P.A. Kajal,"Shakib Khan, Mahiya Mahi, Ali Raj, Ziaul Hoque Polash, Misha Sawdagor"
Chorki,34,EKJON TELAPOKA,DRAMA,Golam Muntakim,"Manoj Pramanik, Shatabdi Wadud, Nasir Uddin Khan, Tasnuva Tisha, S M Tusher, Humaira Snigdha, Ahsabul Yamin Riad, Mounsiff Uz Zaman"
Chorki,35,KHACHAR BHITOR OCHIN PAKHI ,THRILLER,Raihan Rafi,"Fazlur Rahman Babu, Tama Mirza, Intekhab Dinar, Sumon Anowar, Nasir Uddin Khan"
Chorki,36,BAGHER BACHCHA,THRILLER,Goutam Koiri,"Shahiduzzaman Selim, Khairul Basar, Deepak Sumon, Jahangir Alam, Forhad Limon, Kamruzzaman Tapu, A K Azad Shetu, Parvej shumon, Ihtisham Ahmed, Amanul Hoque Helal"
Chorki,37,GUERRILLA,DRAMATIC,Nasiruddin Yousuff,"Jaya Ahsan, Ferdous Ahmed, Shampa Reza, Ahmed Rubel, A.T.M. Shamsuzzaman"
Chorki,38,CHORABALI,THRILLER,Redoan Rony,"Jaya Ahsan, Indraneil Sengupta, A.T.M. Sham suzzaman, Shahiduzzaman Selim"
Chorki,39,ARAAL,SUSPENSE- PSYCHOLOGICAL,Nazmul Nobin,"Pritom Hasan, Quazi Nawshaba Ahmed, Sumon Anwar"
Chorki,40,DUI DINER DUNIYA,SUSPENSE-MYSTERY,Anam Biswas,"Chanchal Chowdhury, Fazlur Rahman Babu, Tanvin Sweety, Tania Brishty, Moushumi Hamid, Rakib Hossain Evon, Iqbal Hossain, Shakkho Shahid. Mantaha Warda, Anjuman Ara Shirin, Hannan Shelly, Nusrat Jahan Nodi, Sajjad, Bitlu Shamim, Mahfuz Munna, Shohel Masud, Anik Hasan, Saif Ahmed, Sohel Ahmed, Rachi Chowdhury"
Chorki,41,SAHOSH,CRIME,Sazzad Khan,"Nazia Haque Orsha, Mostafizur Noor Imran, Khairul Basar, Khalid Mahbub Turjo, Kuntal Bishwas Buki"
Chorki,42,HAPPY BIRTHDAY,COMEDY,Nissan Mahmud,"Safa Kabir, Allen Shubhro, Rosey Siddique, Md. Iqbal hossain, Abdullah Al Sentu, Prety Chowdhury, Hossain Zibon, Quazi Abrar Hasan, Ishraq Rahman Shanto."
Chorki,43,FLOOR NO. 7,MURDER MYSTERY,Raihan Rafi,"Shobnom Bubly, Tama Mirza, Raaz Mania, Shahriar Nazim Joy, Sumon Anowar, Saiful Jarnal"
Chorki,44,LOTTERY,DRAMA,KM Kanak,"Redwan Chowdhury Shanto, Enayet Hossain Samir, Samiya Akter Bristy, Iqbal Hossain, Rayhan Istiak Sonet, Souvik Pabel Gomej, Meraj Bullet, Abu Samah"
Chorki,45,TITHIR OSHUKH,PSYCHOLOGICAL THRILLER,Imraul Rafat,"Intekhab Dinar, Yash Rohan, Tasnia Farin, Tutia Yasmeen papia, Sayem Samad, Shoaib Monir, Otithi Israt, Momo Ali, Noksha Khatun, Dola Khan"
Chorki,46,MUNSHIGIRI,DETECTIVE DRAMA,Amitabh Reza Chowdhury,"Chanchal Chowdhury, Purnima, Sabnam Faria, Gazi Rakayet, Shahiduzzaman Selim, Khandaker Lenin, Imtiaz BarshanAnisul Hoque BarunMasum Aziz, Ashok Baperi"
Chorki,47,ASO SHUSONGBAD ASO,SHORT FILM,Tanvir Chowdhury,"Kazi Nousaba, Galib Hossain, Tinu Rashid"
Chorki,48,DAAG,SOCIAL,Sanjoy Somadder,"Mosharraf Karim, Aisha Khan, Nishat Priom, Saberi Alam, A K Azad Shetu, Somu Chowdhury, Mili Bashar, Kazi Anisul Haque Borun, Naresh Bhuiya, Shilpi Sarkar Opu, Shamima Tusty, Nadia Haque, Asadujjaman Asad, Labonno bindu, Zahid Hossain Shovon, Aynun Putul, Alam Sohag, Khandakar Lenin, Faisal Dip, Reshma Ahmed, Parvez Shumon, K M Abdur Razzaque & Others"
Chorki,49,UPAHAR,DRAMA,Tapan Sinha,"Uttam Kumar, Sabitri Chatterjee, Kanu Bannerjee, Chhabi Biswas, Premangshu Bose"
Chorki,50,SANYASI RAJA,DRAMA,Piyush Bose,"Uttam Kumar, Supriya Choudhury"
Chorki,51,POTHEY HOLO DERI,DRAMA,Agradoot,"Uttam Kumar, Suchitra Sen, Shishir Batabyal, Anil Bhattacharya, Chhabi Biswas"
Chorki,52,ORA THAKEY ODHAREY,DRAMA,Sukumar Dasgupta,"Uttam Kumar, Suchitra Sen, Bhanu Bannerjee, Manjula Bannerjee"
Chorki,53,INDRANI,DRAMA,Niren Lahiri,"Uttam Kumar, Suchitra Sen"
Chorki,54,HAR MANA HAR,DRAMA,Salil Sen,"Uttam Kumar, Suchitra Sen, Lolita Chatterjee"
Chorki,55,DUI PRITHIBI,DRAMA,Piyush Bose,"Uttam Kumar, Victor Banerjee, Kalyani Mondal"
Chorki,56,DEYA NEYA,DRAMA,Sunil Bannerjee,"Uttam Kumar, Tanuja Samarth"
Chorki,57,DEBI CHOWDHURANI,DRAMA,Dinen Gupta,"Suchitra Sen, Haradhan Bannerjee, Kali Bannerjee, Vasant Choudhury, Premangshu Bose"
Chorki,58,CHOWRINGHEE,DRAMA,Pinaki Bhushan Mukherji,"Uttam Kumar, Supriya Choudhury, Anjana Bhowmick, Subhendu Chatterjee"
Chorki,59,ANTONY FIRINGEE,DRAMA,Sunil Banerjee,"Uttam Kumar, Tanuja "
Chorki,60,SONAR KELLA,DRAMA,Satyajit Ray,"Soumitra Chatterjee, Siddhartha Chatterjee, Santosh Dutta"
Chorki,61,PATHER PANCHALI,DRAMA,Satyajit Ray,"Subir Banerjee, Kanu Banerjee, Karuna Banerjee, Uma Dasgupta"
Chorki,62,JALSAGHAR,DRAMA,Satyajit Ray,"Chhabi Biswas, Padma Devi, Pinaki Sengupta, Gangapada Basu"
Chorki,63,HIRAK RAJAR DESHE,DRAMA,Satyajit Ray,"Tapen Chatterjee, Rabi Ghosh, Utpal Dutt, Soumitra Chatterjee, Santosh Dutta, Haradhan Bandopadhyay"
Chorki,64,CHIRIYAKHANA,DRAMA,Satyajit Ray,"Uttam Kumar, Kalipada Chakraborty, Nripati Chatterjee"
Chorki,65,ASHANI SANKET,DRAMA,Satyajit Ray,"Soumitra Chatterjee, Babita, Sandhya Roy"
Chorki,66,APARAJITO,DRAMA,Satyajit Ray,"Pinaki Sengupta, Kanu Banerjee, Karuna Banerjee"
Chorki,67,ABHIJAN,DRAMA,Satyajit Ray,"Soumitra Chatterjee, Waheeda Rehman, Ruma Guha Thakurta, Gyanesh Mukherjee, Rabi Ghosh"
Chorki,68,SORRY,DRAMA,Ishtiak Ahmed Rumel,"Marjuk Rasel, Tisha"
Chorki,69,BICYCLE,DRAMA,Kochi Khondokar,"Adnan Al Rajeev, Mim"
Chorki,70,BINOCULAR , DRAMA,Ashutosh Sujon,"Joyonto , Elora"
Chorki,71,JOL TORONGO,DRAMA,Humayun Ahmed,"Challenger, Dr. Ejaj, Mim"
Chorki,72,TONOYA,DRAMA,Imraul Rafat,"Fazlur Rahman Babu, Shamima Nazneen,Makhnun Sultana Mahima,S S Zayan"
Chorki,73,EI MUHURTE,SUSPENSE - SATIRE - DRAMA,"Piplu R Khan, Mejbaur Rahman Sumon, Abrar Athar","Sara Zaker, Shahiduzzaman Selim, Zahid Hasan, Rosy Siddiqui, Ashish khondker, Rokeya prachy, Mostafizur Noor Imran, Sunerah Binte Kamal, Yash Rohan, Irfan Sajjad, Sharif Siraj, Dibya Jyoti, Tanjim Saiyara Totini, Priyontee Urbee, Rasheda Rakhi, Kamruzzaman Tapu, Toufikul Islam Emon, Syeda Taslima Hossain Nodi, Ariq Anam Khan, Nawaf Naser, Sairaz Mahedi Rinku, MD: Shariful Islam, Syed Golam Sarwar, Md. Younus Ali, Iftekhar emaj, Syed Nazmus Sakib, Remon Hossain Khan, Bijaya Ratnabali, Sohan rahman, Riasat Salekin, Abrar Jahin Rafee, Eman Prodhan, Athar Mezbah Arnob"
Chorki,74,SHESH CHITHI,SOCIAL,Sumon Dhar,"Yash Rohan, Prarthana Fardin Dighi, Saberi Alam, Hindol Ray, Mili Munshi"
Chorki,75,ROSHNAI ,COMEDY,Zahid Hasan,"Zahad Hasan, Popy"
Chorki,76,EMON DESHTI KOTHAO KHUJE PABE NAKO TUMI ,FAMILY DRAMA,"Mostofa Sarwar Farooki, Redone Rony","Sohel Khan, Monira Mithu"
Chorki,77,MAYA,DRAMA,Mostofa Sarwar Farooki,"Shaon, Srabonti"
Chorki,78,MONER MANUSH,BIOGRAPHY,Goutam Ghose,"Prasenjit, Chanchal"
Chorki,79,THIRD PERSON SINGULAR NUMBER,DRAMA,Mostofa Sarwar Farooki,"Nusrat Imrose Tisha, Mosharraf Karim, Rashed Uddin Ahmed Topu"
Chorki,80,TO TO COMPANY ,COMEDY,Shourojoy Chowdhury,"Marjuk Russel, Akm Hasan"
Chorki,81,MONTRI MOHODOYER AGOMON SHUBHECCHA SHAGOTOM,COMEDY,Humayun Ahmed,"Zahid Hasan, Riaz, Faruk Ahmed"
Chorki,82,BOUCHI ,DRAMA,Redoan Rony,"Mosharraf Karim, Kochi Khondokar, Shohel Khan"
Chorki,83,PREM PURAN,DRAMA,Zahid Gogon,"Manoj Pramanik, Samia Othoi, Arman Parvej Murad, Ashok Bepari,Pankaj Majumder"
Chorki,84,JOHIR KARIGOR,DRAMA,Humayun Ahmed,"Ezazul Islam, Faruk Ahmed, Shamima Nazneen"
Chorki,85,JHOGRABARI ,DRAMA,Chayanika Chowdhury,"Ziaul Faruq Apurba, Sarika"
Chorki,86,INTERVIEW,DRAMA,Saiful Islam Mannu,"Monalisa, Challenger, Masud Ali Khan"
Chorki,87,REHANA MARYAM NOOR,DRAMA,Abdullah Mohammad Saad,"Azmeri Haque Badhon, Afia Jahin Jaima , Kazi Sami Hassan, Afia Tabassum Borno, Zopari Lue, Saberi Alam"
Chorki,88,MUJIB AMAR PITA,PATRIOTIC,Sohel Mohammad Rana,"Mehbuba Bipa, Raju Ahmed, Arup Kundu, Tahsina Rinia, Azad Shetu, Kazi Rakib, Hindol RoyTahmina Sangeeta, Anik Fahim, Kazi Rakib, Mohona Hossain, Rafiqul Alam"
Chorki,89,MUKHERJEE DAR BOU,DRAMA,Pritha Chakraborty,"Anusuya Majumdar, Koneenica Banerjee, Rituparna Sengupta, Aparajita Adhya, Badshah Moitra, Biswanath Basu"
Chorki,90,ROSOGOLLA ,DRAMA,Pavel,"Ujaan Ganguly, Abantika Biswas, Kharaj Mukherjee, Kaushik Sen"
Chorki,91,GOTRO,DRAMA,"Shiboprosad Mukherjee, Nandita Roy","Anashua Majumdar, Nigel Akkara, Manali Dey, Ambarish Bhattacharya, Saheb Chatterjee, Badshah Moitra"
Chorki,92,MANOJDER ADBHUT BARI,DRAMA,Anindya Chatterjee,"Soumitra Chatterjee, Sandhya Roy, Abir Chatterjee"
Chorki,93,KONTTHO,DRAMA,"Shiboprosad Mukherjee, Nandita Roy","Jaya Ahsan, Shiboprosad Mukherjee, Koneenica Banerjee, Paran Banerjee, Paoli Dam"
Chorki,94,72 GHONTA,DRAMA,Atanu Ghosh,"Soumitra Chatterjee, Abir Chatterjee, Ritwik Chakraborty, Indrani Halder, Ananya Chatterjee, Sudipta Chakraborty, Paran Bandopadhyay, Kharaj Mukherjee, Nina Chakraborty, Ranodeep Bose, Riya Banik, Sudipta Banerjee"
Chorki,95,OTITHI,DRAMA,FARHAD SHAHI,"MANOJ PRAMANIK, SANJIDA PREETI, A K AZAD SHETU, SUSHAMA SARKER, ABDULLAH RANA, JAYNAL ABEDIN KHAN, FARZANA MUKTO, NOWSHAD AKRAM, KM KANAK, MIRAZ BULLET"
Chorki,96,GHETU PUTRO KOMOLA,DRAMA,Humayun Ahmed,"Mamun, Tariq Anam Khan, Munmun Ahmed"
Chorki,97,HASI BARI KANNA BARI,DRAMA,Saiful Islam Mannu,"Toukir Ahmed, Monir Khan Shimul, Srabonti, Bijori Barkatullah"
Chorki,98,DON'T DISTURB,DRAMA,Fazlur Rahman,"Humayun Faridi, Suborna Mustafa, Sumaiya Shimu"
Chorki,99,BETHA ,DRAMA,Ferdous Hasan,"Zahid Hasan, Aupee Karim, Abul Hayat"
Chorki,100,BACHELOR BIROMBONA,DRAMA,Khalid Mahmood Mithu,"Humayun Faridi, Fazlur Rahman Babu, Azizul Hakim"
Chorki,101,ARONNAY EKODA,DRAMA,Abdullah al Mamun,"Asaduzzaman Noor, Bipasha Hayat, Abdul Kader"
Chorki,102,ANUSHANDHAN ,DRAMA,Humayun Ahmed,"Ejajul Islam, Mir Sabbir"
Chorki,103,PADMO,DRAMA,Humayun Ahmed,"Challenger, Ejajul Islam, Shadhin Khasru, Shamima Naznin, Komol"
Chorki,104,PRIYO PARVIN,DRAMA,Saraf Ahmed Zibon,"Mosharraf Karim, Sheuti, Shohel Khan, Monira Akter Mithu"
Chorki,105,EKI KANDO,DRAMA,Humayun Ahmed,"Shaon, Mahfuz Ahmed, Zakia Bari Momo"
Chorki,106,CHOR,DRAMA,Humayun Ahmed,"Riaz, Masud Ali Khan, Faruque Ahmed, Ejajul Islam"
Chorki,107,PAKKHIRAJ,DRAMA,Meher Afroz Shaon,"Faruque Ahmed, Dr. Ejajul Islam, Shadhin Khasru"
Chorki,108,CHOITTRO DINER GAAN,DRAMA,Humayun Ahmed,"Riaz, Shaon, Dr. Ejajul Islam, Intekhab Dinar"
Chorki,109,SAMPORKO,DRAMA,Rozina,"Zahid Hasan, Diba Nargis, Teli Samad"
Chorki,110,RAJDHANI,DRAMA,Mohammed Hossain Jaimy,"Manna, Shumona Shoma, Fardeen, Shahnoor, Misha Saudagor, Ahmed Sharif"
Chorki,111,ABARO TINJON,DRAMA,Humayun Ahmed,"Faruque Ahmed, Ejajul Islam, Shadhin Khasru, Shaon"
Chorki,112,NITU TOMAKE VALOBASHE,DRAMA,Humayun Ahmed,"Zahid Hasan, Shomi Kaisar, Mahfuz Ahmed, Humayun Faridi"
Chorki,113,SOBAI GECHEY BONEY,DRAMA,Humayun Ahmed,"Ahmed Rubel, Shaon, Ejajul Islam, Faruque Ahmed"
Chorki,114,KHELAGHOR,PATRIOTIC,Morshedul Islam,"Riaz, Sohana Saba, Abul Hayat, Arman Parvez Murad"
Chorki,115,DAHAN,DRAMA,Sheikh Niamat Ali,"Bobita, Bulbul Ahmed, Sharmili Ahmed, Prabir Mitra, Doli Anowar"
Chorki,116,JOAR BHATA,DRAMA,Sumon Anowar,"Shamol Mawla, Farhana Atti"
Chorki,117,ALOR MICHIL,PATRIOTIC,Narayan Ghosh Mita,"Razzak, Sujata, Rosy Samad, Khalil, Babita"
Chorki,118,SERIOUS EKTA KOTHA ACHE,DRAMA,Sharaf Ahmed Jibon,"Mosharraf Karim, Sohana Saba, Shuvo, Kochi Khondokar"
Chorki,119,FAUL,DRAMA,Iftekhar Ahmed Fahmi,"Mosharraf Karim, jenny, Challenge, Kachi Khandakar, Shohel Khan"
Chorki,120,TARA TIN JON HE PRITHIBI BIDAY,DRAMA,Humayun Ahmed,"Faruk Ahmed, Ejajul Islam, Shadhin Khosru"
Chorki,121,LOSS PROJECT,DRAMA,Iftekhar Ahmed Fahmi,"Mosharraf Karim, Prova, Marjuk Russell, Kachi Khandakar"
Chorki,122,BARO VUTER KICCHA,DRAMA,Nurul Alam Atique,"Emi, Anisur Rahman Milon, Bonna Mirza, Shampa Reza, Enamul Haque"
Chorki,123,TARA TIN JON TEA MASTER,DRAMA,Humayun Ahmed,"Faruk Ahmed, Ejajul Islam, Shadhin Khosru"
Chorki,124,TINER TALOWAR,DRAMA,Ashutosh Sujon,"Chanchal Chowdhury, Hasan Masood, Kochi Khondokar, Shamima Nazneen"
Chorki,125,MAYABOTI,DRAMA,Humayun Ahmed,"Mahfuz Ahmed, Bipasha Ahmed, Faruque Ahmed"
Chorki,126,ADHIAR,PATRIOTIC,Saidul Anam Tutul,"Raisul Islam Asad, Atm Samsuzaman, Chompa"
Chorki,127,CHOKHER JOLE,DRAMA,Aziz Azhar,"Razzak, Kobori, Anwar Hossain, Rozi Samad"
Chorki,128,ETO TUKU ASHA,DRAMA,"Hasmot Ulla Khan, Narayan Ghosh Mita","Razzak, Sujata, Rosy Samad"
Chorki,129,GHANI ,DRAMA,Kazi Morshed,"Raisul Islam Asad, Dolly Jahur"
Chorki,130,AGAMI,PATRIOTIC,Morshedul Islam,"Pijush Bandyopadhyay, Aly Zaker, Rawshan Jamil, Mujibur Rahman Dilu"
Chorki,131,SWOPNODANAY,DRAMA,Golam Rabbany Biplob,"Fazlur Rahman Babu, Putul, Rokeya Prachy, Mahmuduzzaman Babu , Momena Choudhury"
Chorki,132,BEHULA,DRAMA,Zahir Raihan,"Suchanda, Sumita Devi, Razzak, Rani Sarkar"
Chorki,133,BHAT DE,DRAMA,Amjad Hossain,"Alamgir, Shabana, Anwar Hossain"
Chorki,134,LATHIAL,DRAMA,Narayan Ghosh Mita,"Babita, Faruk, Rosy Samad, Anowar Hossain."
Chorki,135,DUKHAI,DRAMA,Morshedul Islam,"Raisul Islam Asad, Rokeya Prachy, Chandni"
Chorki,136,DUI POISHAR ALTA,DRAMA,Amjad Hossain,"Razzak, Shabana"
Chorki,137,KHOSRU+MOYNA,FICTION,Kochi Khondokar,"Nusrat Imrose Tisha, Marjuk Rasel, Kochi Khandaker, Ahsanul Haque Minu, Milon Bhattacharya, Selina Hossain, Musafir Syed"
Chorki,138,CHORUIVATI,FICTION,Mostofa Sarwar Farooki,"Mamunul Haque, Aupee Karim, Elora Gohor, Marjuk Russel"
Chorki,139,GREHA SUKH PRIVATE LIMITED,DRAMA,Humayun Ahmed,"Zahid Hasan, Joy, Faruque Ahmed, Asaduzzaman Noor, Ejajul Islam"
Chorki,140,MATIR MOINA,DRAMA,Tareque Masud,"Rokeya Prachy, Jayanta Chattopadhyay"
Chorki,141,ANOWARA,DRAMA,Zahir Raihan,"Razzak, Suchonda"
Chorki,142,PERFORMER,SHORT FILM,Tasmiah Afrin Mou,"Sadia Jahan Prova, Moutushi Bishwas"
Chorki,143,MONER RAJA,DRAMA,Raihan Khan,"Mir Sabbir, Purnima"
Chorki,144,SHONGSHAR UNLIMITED,COMEDY,Abu Hayat Mahmud,"Iresh Jaker, Moushumi Hamid, Saira Jahan, Mir Rabbi"
Chorki,145,ADHKHANA BHALO CHELE ADHA MOSTAAN,MUSICAL FILM,Abrar Athar,"Shayan Chowdhury Arnob, Sunidhi Nayak, Pantha Kanai, Buno, Saadul Islam, Imran Ahmed"
Chorki,146,NEEL MUKUT,DRAMA,Kamar Ahmad Simon,"Shahana Afroz Khan Chowdhury, Monalisa Awal"
Chorki,147,YOUTUMOR,COMEDY,Adnan Al Rajeev,"Pritom Hasan, Ziaul Hoque Polash, Saraf Ahmed Zibon, Sharif Siraj, Taposh Mridha, Gousul Alam Shaon"
Chorki,148,NOYA RIKSHAW,COMEDY,Shaon,"Riaz, Shaon"
Chorki,149,MOHAN CHOINIK CHIGIKSHOK WANG PI,COMEDY,Humayun Ahmed,"Faruk ahmed,Ejaj,Majnun Mijan"
Chorki,150,SYNDICATE: Episode - The Blow,THRILLER,Shihab Shaheen,"Afran Nisho,Nazifa Tushi , Tasnia Farin , Shatabdi Wadud,Rashed Mamun Apu , Nasiruddin Khan"
Chorki,151,SYNDICATE : Episode - THE UNTOLD,THRILLER,Shihab Shaheen,"Afran Nisho,Nazifa Tushi , Tasnia Farin , Shatabdi Wadud,Rashed Mamun Apu , Nasiruddin Khan"
Chorki,152,SYNDICATE : Episode - PRETEND,THRILLER,Shihab Shaheen,"Afran Nisho,Nazifa Tushi , Tasnia Farin , Shatabdi Wadud,Rashed Mamun Apu , Nasiruddin Khan"
Chorki,153,REDRUM,THRILLER,VICKY ZAHED," Rumel Ahmed, Hasbi Islam Arpon, Mehazabien Chowdhury, Azizul Hakim"
Chorki,154,PET KATA SHAW,HORROR,NUHASH HUMAYUN,"Chanchal Chowdhury , Pritom Hasan, Masuda Khan, Shirin Akter Shila , Morshed Mishu"
Chorki,155,MORICHIKA,CRIME THRILLER,Shihab Shaheen," Afran Nisho, Mahiya Mahi, Siam Ahmed, Rishad Mahmud"
Chorki,156,SHATTICUP,CRIME THRILLER,MD TAWKIR ISLAM,"Ahsabul Yamin Riad, Sajia Khanom, Omar Masum, Wasikul Islam Romit"
Chorki,157,JAAGO BAHEY,HISTORICAL SERIES,"SIDDIK AHMED, SALEH SOBHAN ANIM,SUKORNO SAHED DHIMAN"," Mostafizur Noor Imran, Chanchal Chowdhury, Intekhab Dinar, Mostafa Monwar"
Chorki,158,NIKHOJ,DRAMA,RIHAN RAHMAN,"Afsana Mimi, Orchita Sporshia, Shatabdi Wadud, Shamol Mawla"
Chorki,159,Lal Katan Nil Dakat,DRAMA,VICKY ZAHED," Adil Khan, Nasir Uddin Khan, Omar Faruk Nayon, Manoj Kumar Pramanik"
Chorki,160,UNOLOUKIK : EPISODE - MORIBAAR HOLO TAAR SWAAD,DRAMA,ROBIUL ALAM ROBI,"Mostafa Monwar, Gazi Rakayet, Sumon Anowar, Naziba Basher"
Chorki,161,UNOLOUKIK : EPISODE - Don't Write Me,MYSTERY,ROBIUL ALAM ROBI,"Mostafa Monwar, Gazi Rakayet, Sumon Anowar, Naziba Basher"
Chorki,162,UNOLOUKIK : EPISODE - Mrs. Pohelika,MYSTERY,ROBIUL ALAM ROBI,"Mostafa Monwar, Gazi Rakayet, Sumon Anowar, Naziba Basher"
Chorki,163,UNOLOUKIK : EPISODE - Hello Ladies,MYSTERY,ROBIUL ALAM ROBI,"Mostafa Monwar, Gazi Rakayet, Sumon Anowar, Naziba Basher"
Hoichoi,164,Mismatch,Comedy,,"Rachel White, Rajdeep Gupta, Mainak Banerjee, Supurna Malakara"
Hoichoi,165,Srikanto,Drama,,"Rishav Basu, Sohini Sarkar, Madhumita Sarcar"
Hoichoi,166,Bonyo Premer Golpo,Thriller,,"anushree Chakraborty, Ena Saha, Saheb Bhattacharjee, Soumendra Bhattacharya"
Hoichoi,167,Hostel Days,Comedy,,"Kanchan Mullick, Anindya Sengupta, Roshni Bhattacharyya, Arpan Ghoshal"
Hoichoi,168,Mohomaya,Thriller,,"Swastika Mukherjee, Ananya Chatterjee, Bipul Patra, Sujan Mukherjee"
Hoichoi,169,The Bengal Scam: Bima Kando,Thriller,,"Rajatabha Dutta, Kinjal Nanda, Sonamani Saha, Debraj Mukherjee"
Hoichoi,170,Eken Babu,Mystery,,"Anirban Chakrabarti, Shoumo Banerjee, Debapriyo Bagchi, Alakananda Ray"
Hoichoi,171,Kamini,Horror,,"Barkha Bisht, Saurav Das, Trina Saha, Kharaj Mukherjee"
Hoichoi,172,Mahabharat Murders,Crime,,"Rishav Basu, Saswata Chatterjee, Priyanka Sarkar, Kaushik Sen"
Hoichoi,173,Sabrina,"Crime, Thriller",,"Mehazabien Chowdhury, Nazia Haque Orsha, Runa Khan, Monir Khan Shimul"
Hoichoi,174,Karagar,"Fantasy, Mystery, Thriller",,"Chanchal Chowdhury, Rishad Mahmud, Afzal Hossain, Bijori Barkatullah"
Hoichoi,175,Bodh,Mystery,,"Sarah Alam, Shahjahan Samrat, Khairul Basar, Runa Khan"
Hoichoi,176,Charitraheen,Thriller,,"Naina Ganguly, Saurav Das, Soumendra Bhattacharya, Sayani Ghosh"
Hoichoi,177,Astey Ladies,Thriller,,"Sandipta Sen, Saayoni Ghosh, Madhurima Ghosh, Saurav Das"
Hoichoi,178,Indu,Drama,,"Sandipta Sen, Saayoni Ghosh, Madhurima Ghosh, Saurav Das"
Hoichoi,179,Paap,Thriller,,"Puja Banerjee, Roy Angana, Priyanka Mondal, Saheb Bhattacharjee"
Hoichoi,180,Gora,"Comedy, Crime, Mystery",,"Ishaa Saha, Ritwick Chakraborty, Suhotra Mukhopadhyay, Judhajit Sarkar"
Hoichoi,181,Rahasya Romancha Series,Thriller,,"Rudranil Ghosh, Saayoni Ghosh, Kanchan Mullick, Sourav Saha"
Hoichoi,182,Taranath Tantrik,Horror,,"Gautam Moitra, Jayant Kripalani, Kaushik Roy, Shweta Chaudhuri"
Hoichoi,183,Shudhu Tomari Jonyo,"Drama, Romance",Birsa Dasgupta ,"Dev, Srabanti Chatterjee, Soham Chakraborty, Mimi Chakraborty"
Hoichoi,184,Montu Pilot,"Drama, Romance",,"Saurav Das, Subrat Dutta, Kanchan Mullick, Chandrayee Ghosh"
Hoichoi,185,Mandaar,Drama,,"Anirban Bhattacharya, Sohini Sarkar, Debashish Mondal, Diganta Saha"
Hoichoi,186,Cartoon,Horror,,"Mainak Banerjee, Payel Sarkar, Sandip Chakraborty, Sayanta Modak"
Hoichoi,187,Hello Remember Me,Drama,,"Payel Sarkar, Ishaa Saha, Laboni Sarkar, Sourav Chakraborty"
Hoichoi,188,Boyfriends & Girlfriends,"Comedy, Romance",,"Ishaa Saha, Riddhi Sen, Adrija Addy Roy, Rwitobroto Mukherjee"
Hoichoi,189,Murder by the Sea,Thriller,,"Payel Sarkar, Arjun Chakrabarty, Anjan Dutt, Ananya Chatterjee"
Hoichoi,190,Boli,"Crime, Drama, Thriller",,"Salahuddin Lavlu, Chanchal Chowdhury, Ziaul Hoque Polash, Rishad Mahmud"
Hoichoi,191,Robindronath Ekhane Kawkhono Khete Aashenni,"Crime, Thriller",,"Anirban Bhattacharya, Rahul Bose, Richard Bhakti Klein, Alexx O'Nell"
Hoichoi,192,Kaiser,"Crime, Mystery, Thriller",,"Afran Nisho, Rikita Nandini Shimu, Monirul Islam Rubel, Mostafizur Noor Imran"
Hoichoi,193,Tansener Tanpura,Drama,,"Vikram Chatterjee, Jayati Bhatia, Subhasish Mukherjee, Sujan Mukherjee"
Hoichoi,194,Japani Toy,Comedy,,"Rajat Ganguly, Kaushiki Guha, Rajdeep Gupta, Ishaa Saha"
Hoichoi,195,Dracula Sir,"Crime, Thriller",Debaloy Bhattacharya  ,"Anirban Bhattacharya, Mimi Chakraborty, Supriyo Dutta, Bidipta Chakraborty"
Hoichoi,196,Byadh,Drama,,"Rajatabha Dutta, Anirban Chakrabarti, Kharaj Mukherjee, Bibriti Chatterjee"
Hoichoi,197,Dark Web,Thriller,,"Saheb Bhattacharjee, Sampurna Lahiri"
Hoichoi,198,Turu Love,Romance,,"Pinky Banerjee, Soumak Basu, Rishav Basu, Rajnandini Paul"
Hoichoi,199,Feludar Goyendagiri,Mystery,,"Subrat Dutta, Saheb Bhattacharjee, Anirban Chakrabarti, Tota Roy Chowdhury"
Hoichoi,200,Money Honey,"Crime, Mystery, Thriller",,"Shamol Mawla, Mostafizur Noor Imran, Naziba Basher, Nishat Priom"
Hoichoi,201,Paanch Phoron,Romance,,"Jaya Ahsan, Siam Ahmed, Krittika Chakraborty, Rawnok Hasan"
Hoichoi,202,Dhaka Metro,Drama,,"Mostafa Monwar, Shariful Islam, Sharmin Zoha Shoshee, Aupee Karim"
Hoichoi,203,Rudrabinar Obhishaap,"Adventure, Musical, Mystery",," Saurav Das, Ditipriya Roy, Rupsa Chatterjee, Vikram Chatterjee"
Hoichoi,204,Dour,Thriller,,"Mosharraf Karim, Tariq Anam Khan, Robena Reza Jui, Intekhab Dinar"
Hoichoi,205,Shei Je Holud Pakhi,Thriller,,"Saswata Chatterjee, Tridha Choudhury, Gourab Chatterjee, Roy Angana"
Hoichoi,206,Khela Jawkhon,Thriller,Arindam Sil ,"Harsh Chhaya, Mimi Chakraborty, Susmita Chatterjee, Arjun Chakrabarty"
Hoichoi,207,Tiktiki,"Mystery, Thriller",,"Rumel Ahmed, Anirban Bhattacharya, Kaushik Ganguly"
Hoichoi,208,Shobdo Jobdo,Thriller,,"Rajat Kapoor, Payel Sarkar, Mumtaz Sorcar, Subrat Dutta"
Hoichoi,209,Byomkesh,"Crime, Drama, Mystery",,"Anirban Bhattacharya, Subrat Dutta, Ridhima Ghosh, Suprobhat Das"
Hoichoi,210,Uttoron,Drama,,"Madhumita Sarcar, Sawon Chakraborty, Rajdeep Gupta, Swastika Dutta"
Hoichoi,211,Hello!,"Drama, Thriller",,"Raima Sen, Priyanka Sarkar, Joy Sengupta, Suranjana Roy"
Hoichoi,212,Murder in the Hills,"Mystery, Thriller",,"Anindita Bose, Arjun Chakrabarty, Suprobhat Das, Sourav Chakraborty"
Hoichoi,213,Six,Thriller,,"Darshana Banik, Nishan, Shilajit Majumdar, Jennifer Jasmine Gomes"
Hoichoi,214,Brahmadaitya,"Comedy, Horror",Abhirup Ghosh ,"Saayoni Ghosh, Rudranil Ghosh, Souman Bose, Anindya Chatterjee"
Hoichoi,215,Jojo,Horror, Argha Deep Chatterje,"Darshana Banik, Anirban Bhattacharya, Saayoni Ghosh"
Hoichoi,216,Taqdeer,"Crime, Mystery, Thriller",,"Chanchal Chowdhury, Sanjida Preeti, Manoj Kumar Pramanik, Shohel Mondol"
Hoichoi,217,Break Up Story,"Drama, Romance",,"Anindita Bose, Saurav Das, Sohini Sarkar, Tuhina Das"
Hoichoi,218,Bou Keno Psycho,Thriller,,"Poulomi Das, Sampurna Lahiri, Rupanjana Mitra, Saayoni Ghosh"
Hoichoi,219,Mohanagar,Thriller,,"Mosharraf Karim, Rishad Mahmud, Khairul Basar, Nishat Priom"
Hoichoi,220,Sundarbaner Vidyasagar,Family,,"Riddhi Sen, Ushasi Ray, Judhajit Sarkar, Rupanjana Mitra"
Hoichoi,221,Bouma Detective,Mystery,,"  Rohit Roy, Aparajita Adhya, Utsav Sarkar, Satarupa Pyne"
Hoichoi,222,Chupkotha - Hoichoi Original Film,Thriller,Rick Basu," Mainak Banerjee, Shataf Figar, Akshay Kapoor, Parno Mittra"
Hoichoi,223,Dhanbad Blues,Thriller,,"  Rajatabha Dutta, Solanki Roy, Dibyendu Bhattacharya, Imran Hasnee"
Hoichoi,224,Sampurna,Drama,,"  Rajnandini Paul, Sohini Sarkar, Laboni Sarkar, Prantik Banerjee"
Hoichoi,225,Chupkotha 2,Horror,,"  Parno Mittra, Mahi Singh, Sudip Mukherjee, Farhan Imroze"
Hoichoi,226,Detective,"Drama, Mystery, Thriller",Joydip Mukherjee ,"   Anirban Bhattacharya, Ishaa Saha, Saheb Bhattacharjee, Ambarish Bhattacharya"
Hoichoi,227,The Stoneman Murders,Thriller,,"  Swastika Mukherjee, Rajatabha Dutta, Rupankar Bagchi, Jit Das"
Hoichoi,228,Love and Affairs,Romance,,"  Barkha Bisht, Indraneil Sengupta, Debopriyo Mukherjee, Swapoorna Sen"
Hoichoi,229,Bodhon,Drama,,"  Sandipta Sen, Ditipriya Roy, Jeet Sundor Chakraborty, Kaushik Roy"
Hoichoi,230,Rawkto Bilaap,Thriller,,"  Sohini Sarkar, Saptarshi Maulik, Tuhina Das, Prantik Banerjee"
Hoichoi,231,Calm Sutra,Comedy,,"  Ishaa Saha, Rajdeep Gupta, Kaushiki Guha"
Hoichoi,232,Refugee,Thriller,,"  Shohel Mondol, Afzal Hossain, Zakia Bari Momo, Sharif Siraj"
Hoichoi,233,Dupur Thakurpo,Comedy,,"  Soumendra Bhattacharya, Swastika Mukherjee, Monalisa, Akshay Kapoor"
Hoichoi,234,Do Not Disturb,Drama,,"  Debleena Sen, Darshana Banik, June Malia, Sudiptaa Chakraborty"
Hoichoi,235,Tangra Blues,"Drama, Musical, Thriller",Supriyo Sen,"Madhumita Sarcar, Parambrata Chattopadhyay, Samiul Alam, Oishani Dey"
Hoichoi,236,Damayanti,"Mystery, Thriller",,"  Amrita Chattopadhyay, Tuhina Das, Chandrayee Ghosh, Judhajit Sarkar"
Hoichoi,237,Laboratory,Drama,Soumik Chattopadhyay," Darshana Banik, Anirban Bhattacharya, Kaushik Sen"
Hoichoi,238,The Nightwatchman,Crime,,"  Arjun Chakrabarty, Kaushik Sen, Ayan Bhattacharjee, Anusha Vishwanathan"
Hoichoi,239,Manbhanjan,Drama,,"  Anirban Bhattacharya, Sohini Sarkar, Amrita Chattopadhyay, Jeffrey Stanley"
Hoichoi,240,Tasher Ghawr,Drama,Sudipto Roy,"Swastika Mukherjee, Judhajit Sarkar"
Hoichoi,241,Paranoia,Thriller,,"  Saayoni Ghosh, Kamaleswar Mukherjee, Anindya Sain, Rayati Bhattacharya"
Hoichoi,242,Maradonar Juto,"Comedy, Drama",,"  Susmita Chatterjee, Anirban Chakrabarti, Sujan Mukherjee, Joydeep Mukherjee"
Hoichoi,243,Ekattor,Drama,,"  Nusrat Imrose Tisha, Mostafizur Noor Imran, Rafiath Rashid Mithila, Shatabdi Wadud"
Hoichoi,244,Nokol Heere,Mystery,,"  Rajnandini Paul, Biswajit Chakraborty, Tuhina Das, Sujoy Prosad Chatterjee"
Hoichoi,245,The Cabin Guard,Thriller,Sudipto Roy,"Preetam Ganguly, Madhurima Ghosh, Deboprasad Halder, Satakshi Nandy"
Hoichoi,246,Holy Faak,"Comedy, Romance",,"  Soumya Mukherjee, Anamika Chakraborty, Paran Banerjee, Ratna Ghoshal"
Hoichoi,247,Koshtoneer,Drama,Ashfaque Nipun,"Saberi Alam, Sayed Babu, Khalid El Bargoni, Runa Khan"
Hoichoi,248,Synthetic Sati,"Short, Drama, Romance",Rishav Ghosh,"Gargi Banerjee, Prantik Banerjee, Kheya Chattopadhyay, Rajnandini Chouny"
Hoichoi,249,Dujone,Thriller,,"  Poulomi Das, Kamaleswar Mukherjee, Indrajit Mazumder, Dibyasha Das"
Hoichoi,250,Sin Sister,Thriller,Shubhabrata Chatterjee,"Rupankar Bagchi, Ashima Chakraborty, Tuhina Das, Debolina Dutta"
Hoichoi,251,Tarader Shesh Tarpon,Talk-Show,,"  Gautam Bhattacharya, Swastika Mukherjee, Roopa Ganguly, Jisshu Sengupta"
Hoichoi,252,Bhootoorey,Horror,,"  Triparna Bardhan, Jit Das, Rob Dey, Sharmistha Pandey"
Hoichoi,253,Mukhyamantri,Documentary,,"  Saoli Chattopadhyay, Pratik Kumar Dutta"
Hoichoi,254,Gariahater Ganglords,Comedy,,"  Saurav Das, Anindita Bose, Ayan Bhattacharjee, Debmalya Gupta"
Hoichoi,255,Subharambha,"Drama, Romance",,"  Satyam Bhattacharya, Jasmine Roy, Dibyasha Das"
Hoichoi,256,Oddbhuturey,Sci-Fi,,"  Saurav Das, Partha Sarathi, Deboprasad Halder, Mishmee Das"
Hoichoi,257,Mouchaak,Drama,,"  Monami Ghosh, Kanchan Mullick, Mir Afsar Ali, Suhotra Mukhopadhyay"
Hoichoi,258,Fish & Chips,"Comedy, Romance",,"  Apratim Chatterjee, Tapasya Dasgupta, Pratik Kumar Dutta"
Hoichoi,259,Rubberband,"Short, Crime",Sunny Ray," Kamalika Banerjee, Diptarka Bose, Avishek De Biswas, Ratasree Dutta"
Hoichoi,260,Bobbyr Bondhura,Family,Sudipa Chatterjee,"Kaushik Sen, Sreelekha Mitra, Saptarshi Basu Roychoudhury, Paran Banerjee"
Hoichoi,261,Sweater,Drama,Shiladitya Moulik,"Imtiaj Haque, Farhan Imroze, June Malia, Sreelekha Mitra"
Hoichoi,262,Pabitra Puppies,"Crime, Thriller",,"  Vikram Chatterjee, Sohini Sarkar, Saurav Das, Saayoni Ghosh"
Hoichoi,263,Case Jaundice,Comedy,,"  Parambrata Chattopadhyay, Ankush Hazra, Anirban Chakrabarti"
Hoichoi,264,Madhabilata,"Short, Mystery",Rahool Mukherjee," Indrasish Roy, Ena Saha"
Hoichoi,265,Mithye,"Short, Thriller",Abhijit Chowdhury,Souman Bose
Hoichoi,266,Lift,"Short, Thriller",Sourav Chakraborty,"Rayati Bhattacharya, Dipak Haldar"
Hoichoi,267,Kairong Mothey Gogol,Ditective,,"  Kamalika Banerjee, Kaushik Chakroborty, Subhrajit Dutta, Swarnavo Sanyal"
Hoichoi,268,Boitarani,Drama,Anindya Dutta," Dhiman Chakraborty, Sulakshana Saha Chakraborty, Soumitra Chatterjee, Abhishek Mitra"
Hoichoi,269,Asian Paints Moner Thikana,Documentary,,"  Jisshu Sengupta, Parambrata Chattopadhyay, Srabanti Chatterjee, Priyanka Sarkar"
Hoichoi,270,Khyapa Shohor,Crime,,
Hoichoi,271,Amon Jodi Hoto,"Short, Drama, Thriller",Mursalin Shuvo,"Sumaiya Heme, Shamim Hasan Sarkar"
Hoichoi,272,I am Joyita,"Short, Drama",Saumya Sengupta,
Hoichoi,273,Saarey Shaitirish,Fantasy,,"  Soham Majumdar, Shataf Figar, Solanki Roy, Sohini Sengupta"
Hoichoi,274,Troilokkyo,Crime,,
Hoichoi,275,Pocketmar,Thriller,,"  Satyam Bhattacharya, Sayani Ghosh"
Hoichoi,276,Biloya,"Short, Drama",Sammratt,"Diva, Amrita Halder, Koushik Kar"
Hoichoi,277,Ha Ja Ba Ra La,Comedy,,"  Abhimanyu Mukherjee, Saurav Palodhi, Subhadip Ghosh, Ambarish Bhattacharya"
Hoichoi,278,Blue Whale,Drama,"Avi Bandyopadhyay, Anirban Guha","Darshana Banik, Satrajit Sarkar"
Hoichoi,279,Un Avenir Incertain,"Short, Drama",Satyajit Das,"Debtanu Chakraborty, Debtanu Chakraborty, Ankita Mukhopadhaya, Ankita Mukhopadhaya"
Hoichoi,280,Shoshibhushon,"Short, Thriller",Annapurna Basu,Kamaleswar Mukherjee
Hoichoi,281,Calm Sutra,Comedy,,
Hoichoi,282,Mismatch,Comedy,,"  Rachel White, Mainak Banerjee, Rituparna Dey, Rajdeep Gupta"
Hoichoi,283,Dhaka Metro,Drama,Amitabh Reza Chowdhury,
Hoichoi,284,Money Honey,"Crime, Mystery, Thriller","Krishnendu Chattopadhyay, Tanim Noor","Sumon Anowar, PriyomNaziba Bashar, Naziba Basher, Lutfur Rahman George"
Hoichoi,285,Japani Toy,Comedy,Soumik Chattopadhyay,"Rajat Ganguly, Kaushiki Guha, Rajdeep Gupta, Ishaa Saha"
Hoichoi,286,"The Stoneman Murders ,Episode: Saint and Sins (2019)",Thriller,,"  Swastika Mukherjee, Rajatabha Dutta, Rupankar Bagchi, Jit Das"
Hoichoi,287,"The Stoneman Murders ,Episode: Camouflage (2019)",Thriller,,"  Swastika Mukherjee, Rajatabha Dutta, Rupankar Bagchi"
Hoichoi,288,"The Stoneman Murders,Episode: Before the Murder (2019)",Thriller,,"  Swastika Mukherjee, Rajatabha Dutta, Rupankar Bagchi"
Hoichoi,289,"The Stoneman Murders,Episode: Face to Face (2019)",Thriller,,"  Swastika Mukherjee, Rajatabha Dutta, Rupankar Bagchi"
Hoichoi,290,"Shei Je Holud Pakhi,Episode: Golpo Amar Phurolo (2018)",Thriller,,"  Saswata Chatterjee, Tridha Choudhury, Gourab Chatterjee, Roy Angana"
Hoichoi,291,"Shei Je Holud Pakhi ,Episode: Ichchamrityu (2018)",Thriller,,"  Saswata Chatterjee, Tridha Choudhury, Gourab Chatterjee, Roy Angana"
Hoichoi,292," Shei Je Holud Pakhi,Episode: Moyna Todonto (2018)",Thriller,,"  Saswata Chatterjee, Tridha Choudhury, Gourab Chatterjee, Roy Angana"
Hoichoi,293," Shei Je Holud Pakhi,Episode: Girgiti (2018)",Thriller,,"  Saswata Chatterjee, Tridha Choudhury, Gourab Chatterjee, Roy Angana"
Hoichoi,294," Shei Je Holud Pakhi,Episode: Rongbodoler Holi (2018)",Thriller,,"  Saswata Chatterjee, Tridha Choudhury, Gourab Chatterjee, Roy Angana"
Hoichoi,295," Shei Je Holud Pakhi,Episode: Aaj Tobe Khoma Koro (2018)",Thriller,,"  Saswata Chatterjee, Tridha Choudhury, Gourab Chatterjee, Roy Angana"
Hoichoi,296,"Shei Je Holud Pakhi,Episode: Ekshalikh (2018)",Thriller,,"  Saswata Chatterjee, Tridha Choudhury, Gourab Chatterjee, Roy Angana"
Hoichoi,297,"The Stoneman Murders,Episode: Do It Now (2019)",Thriller,,"  Swastika Mukherjee, Rajatabha Dutta, Rupankar Bagchi"
Hoichoi,298,"The Stoneman Murders,Episode: Friend in Disguise (2019)",Thriller,,"  Swastika Mukherjee, Rajatabha Dutta, Rupankar Bagchi"
Hoichoi,299," The Stoneman Murders,Episode: Hide and Seek (2019)",Thriller,,"  Swastika Mukherjee, Rajatabha Dutta, Rupankar Bagchi"
Hoichoi,300,"The Stoneman Murders,Episode: Revenge (2019)",Thriller,,"  Swastika Mukherjee, Rajatabha Dutta, Rupankar Bagchi"
Hoichoi,301," The Stoneman Murders,Episode: In Search of a Mystery (2019)",Thriller,,"  Swastika Mukherjee, Rajatabha Dutta, Rupankar Bagchi"
Hoichoi,302,"Kamini,Episode: Defective Agency (2019)",Horror,Rick Basu,"Barkha Bisht, Chhandak Choudhury, Saurav Das, Trina Saha"
Hoichoi,303," Kamini,Episode: Birjopaat (2019)",Horror,Rick Basu," Barkha Bisht, Sanjay Biswas, Saurav Das, Trina Saha"
Hoichoi,304,"Kamini,Episode: Bijli (2019)",Horror,Rick Basu,"Barkha Bisht, Sanjay Biswas, Saurav Das, Kharaj Mukherjee"
Hoichoi,305,"Kamini,Episode: Bijli (2019)",Horror,Rick Basu,"Barkha Bisht, Saurav Das, Kharaj Mukherjee, Trina Saha"
Hoichoi,306,"Kamini,Episode: Chunomacch (2019)",Horror,Rick Basu,"Barkha Bisht, Saurav Das, Kharaj Mukherjee, Manasi Sinha"
Hoichoi,307,"Kamini,Episode: Rajababu (2019)",Horror,Rick Basu," Barkha Bisht, Saurav Das, Kharaj Mukherjee, Manasi Sinha"
Hoichoi,308," Kamini,Episode: Rajbarir Ondore (2019)",Horror,Rick Basu,"Barkha Bisht, Saurav Das, Kharaj Mukherjee, Ankita Roy"
Hoichoi,309,"Kamini,Episode: Tumi Kaamer Phaade Porecho (2019)",Horror,Rick Basu,"Barkha Bisht, Saurav Das, Ankita Roy, Trina Saha"
Hoichoi,310,"Paanch Phoron,Episode: Afternoon Audition (2020)",Romance,Rick Basu," Roshni Ali, Anindya Pulak Banerjee, Biswajit Ghosh, Swastika Mukherjee"
Hoichoi,311," Case Jaundice,Episode: Humans Vs. Corona (2020)",Comedy,,"  Anirban Chakrabarti, Parambrata Chattopadhyay, Ankush Hazra"
Hoichoi,312,"Case Jaundice,Episode: Police Vs. Mask (2020)",Comedy,,"  Anirban Chakrabarti, Parambrata Chattopadhyay, Ankush Hazra"
Hoichoi,313," Case Jaundice,Episode: Private Vs. Public Society (2020)",Comedy,,"  Anirban Chakrabarti, Parambrata Chattopadhyay, Ankush Hazra"
Hoichoi,314," Case Jaundice,Episode: Work Vs. Home (2020)",Comedy,,"  Anirban Chakrabarti, Parambrata Chattopadhyay, Ankush Hazra"
Hoichoi,315,"Case Jaundice,Episode: Man Vs. Wild (2020)",Comedy,,"  Anirban Chakrabarti, Parambrata Chattopadhyay, Ankush Hazra"
Hoichoi,316," Case Jaundice,Episode: Work from home Vs. Work from office (2020)",Comedy,,"  Anirban Chakrabarti, Parambrata Chattopadhyay, Ankush Hazra"
Hoichoi,317,"Case Jaundice,Episode: Lyadhkhor Bong Vs. The Active Bong (2020)",Comedy,,"  Anirban Chakrabarti, Parambrata Chattopadhyay, Ankush Hazra"
Hoichoi,318," Case Jaundice,Episode: Classic Romance Vs. Digital Romance (2020)",Comedy,,"  Anirban Chakrabarti, Parambrata Chattopadhyay, Ankush Hazra"
Hoichoi,319,"Case Jaundice,Episode: Films Vs. The Censor Board (2020)",Comedy,,"  Anirban Chakrabarti, Parambrata Chattopadhyay, Ankush Hazra"
Hoichoi,320,"Case Jaundice,Episode: I Do Fear Vs. I Don't Care (2020)",Comedy,,"  Anirban Chakrabarti, Parambrata Chattopadhyay, Ankush Hazra"
Hoichoi,321,"Pabitra Puppies,Episode: Lockdown Diaries (2020)","Crime, Thriller",,"  Vikram Chatterjee, Sohini Sarkar, Saurav Das, Saayoni Ghosh"
Hoichoi,322,"Pabitra Puppies,","Crime, Thriller",,"  Vikram Chatterjee, Sohini Sarkar, Saurav Das, Saayoni Ghosh"
Hoichoi,323,"Pabitra Puppies,Episode: Return of Lenin (2020)","Crime, Thriller",,"  Vikram Chatterjee, Sohini Sarkar, Saurav Das, Saayoni Ghosh"
Hoichoi,324,"Pabitra Puppies,Episode: Labyrinth of Death (2020)","Crime, Thriller",,"  Vikram Chatterjee, Sohini Sarkar, Saurav Das, Saayoni Ghosh"
Hoichoi,325,"Pabitra Puppies,Episode: Aguner Poroshmoni (2020)","Crime, Thriller",,"  Vikram Chatterjee, Sohini Sarkar, Saurav Das, Saayoni Ghosh"
Hoichoi,326," Love and Affairs,Episode: Love (2020)",Romance,Pooja Kadam,"Barkha Bisht, Debopriyo Mukherjee, Indraneil Sengupta"
Hoichoi,327,"Love and Affairs,Episode: Affair (2020)",Romance,Pooja Kadam,"Barkha Bisht, Debopriyo Mukherjee, Indraneil Sengupta"
Hoichoi,328,"Love and Affairs,Episode: Broken (2020)",Romance,Pooja Kadam,"Barkha Bisht, Debopriyo Mukherjee, Swapoorna Sen, Indraneil Sengupta"
Hoichoi,329,"Love and Affairs,Episode: Possess (2020)",Romance,Pooja Kadam,"Barkha Bisht, Debopriyo Mukherjee, Indraneil Sengupta"
Hoichoi,330," Love and Affairs,Episode: Confessions (2020)",Romance,Pooja Kadam," Barkha Bisht, Debopriyo Mukherjee, Indraneil Sengupta"
Hoichoi,331,"Tansener Tanpura,Episode: Swaralipi (2020)",Drama,Soumik Chattopadhyay,"Vikram Chatterjee, Rupsa Chatterjee, Jayati Bhatia, Subhasish Mukherjee"
Hoichoi,332,"Tansener Tanpura,Episode: Jog-Sutra (2020)",Drama,Soumik Chattopadhyay,"Vikram Chatterjee, Rupsa Chatterjee, Jayati Bhatia, Subhasish Mukherjee"
Hoichoi,333,"Tansener Tanpura,Episode: Pancham Baad (2020)",Drama,Soumik Chattopadhyay,"Vikram Chatterjee, Rupsa Chatterjee, Jayati Bhatia, Subhasish Mukherjee"
Hoichoi,334,"Tansener Tanpura,Episode: Tunabha Nali (2020)",Drama,Soumik Chattopadhyay,"Vikram Chatterjee, Rupsa Chatterjee, Jayati Bhatia, Subhasish Mukherjee"
Hoichoi,335,"Tansener Tanpura,Episode: Hangsadhwani (2020)",Drama,Soumik Chattopadhyay," Vikram Chatterjee, Rupsa Chatterjee, Jayati Bhatia, Subhasish Mukherjee"
Hoichoi,336,"Tansener Tanpura,Episode: Prashanna Biswas (2020)",Drama,Soumik Chattopadhyay,"Roy Angana, Jayati Bhatia, Rupsa Chatterjee, Vikram Chatterjee"
Hoichoi,337,"Tansener Tanpura,Episode: Masitkhani Gat (2020)",Drama,Soumik Chattopadhyay," Roy Angana, Jayati Bhatia, Rupsa Chatterjee, Vikram Chatterjee"
Hoichoi,338,"Tansener Tanpura,Episode: Nawabi Khanjar (2020)",Drama,Soumik Chattopadhyay,"Roy Angana, Jayati Bhatia, Rupsa Chatterjee, Vikram Chatterjee"
Hoichoi,339,"Tansener Tanpura,Episode: Snori Miyar Santan (2020)",Drama,Soumik Chattopadhyay,"Roy Angana, Jayati Bhatia, Rupsa Chatterjee, Vikram Chatterjee"
Hoichoi,340,"Tansener Tanpura,Episode: Bangshporichay (2020)",Drama,Soumik Chattopadhyay,"Roy Angana, Jayati Bhatia, Rupsa Chatterjee, Vikram Chatterjee"
Hoichoi,341,"Break Up Story,Episode: After the Break (2020)","Drama, Romance",,"  Aryann Bhowmick, Ranojoy Bishnu, Anindita Bose, Saurav Das"
Hoichoi,342,"Break Up Story,Episode: Best Friends Forever (2020)","Drama, Romance",,"  Aryann Bhowmick, Ranojoy Bishnu, Anindita Bose, Saurav Das"
Hoichoi,343,"Break Up Story,Episode: Heartbreak (2020)","Drama, Romance",,"  Aryann Bhowmick, Ranojoy Bishnu, Anindita Bose, Saurav Das"
Hoichoi,344,"Break Up Story,Episode: A Good Education (2020)","Drama, Romance",,"  Aryann Bhowmick, Ranojoy Bishnu, Anindita Bose, Saurav Das"
Hoichoi,345,"Break Up Story,Episode: Return to zero (2020)","Drama, Romance",,"  Aryann Bhowmick, Ranojoy Bishnu, Anindita Bose, Saurav Das"
Hoichoi,346," Bonyo Premer Golpo,Episode: Dead Man Crawling (2020)",Thriller,,"  Daminee Benny Basu, Arjun Chakrabarty, Tanushree Chakraborty, Adrija Addy Roy"
Hoichoi,347," Tansener Tanpura,Episode: Shri'r Putro (2020)",Drama,,"  Roy Angana, Jayati Bhatia, Vikram Chatterjee, Subhasish Mukherjee"
Hoichoi,348,"Tansener Tanpura,Episode: Umrababi (2020)",Drama,,"  Roy Angana, Jayati Bhatia, Vikram Chatterjee, Subhasish Mukherjee"
Hoichoi,349," Tansener Tanpura,Episode: Rai Dhairyang (2020)",Drama,,"  Roy Angana, Jayati Bhatia, Vikram Chatterjee, Subhasish Mukherjee"
Hoichoi,350,"Tansener Tanpura,Episode: Bilash Khan (2020)",Drama,,"  Roy Angana, Jayati Bhatia, Vikram Chatterjee, Subhasish Mukherjee"
Hoichoi,351," Tansener Tanpura,Episode: Jogyotomo Shishya (2020)",Drama,,"  Roy Angana, Jayati Bhatia, Vikram Chatterjee, Subhasish Mukherjee"
Hoichoi,352,"Tansener Tanpura,Episode: Abarohon (2020)",Drama,,"  Roy Angana, Jayati Bhatia, Vikram Chatterjee, Subhasish Mukherjee"
Hoichoi,353," Tansener Tanpura,Episode: Raag Deepak (2020)",Drama,,"  Roy Angana, Jayati Bhatia, Vikram Chatterjee, Subhasish Mukherjee"
Hoichoi,354," Tansener Tanpura,Episode: Arohon (2020)",Drama,,"  Roy Angana, Jayati Bhatia, Vikram Chatterjee, Subhasish Mukherjee"
Hoichoi,355,"Tansener Tanpura,Episode: Miyan Ki Malhar (2020)",Drama,,"  Roy Angana, Jayati Bhatia, Vikram Chatterjee, Subhasish Mukherjee"
Hoichoi,356," Fish & Chips,Episode: Bhaam Beral (2021)","Comedy, Romance",,"  Apratim Chatterjee, Tapasya Dasgupta, Pratik Kumar Dutta"
Hoichoi,357," Fish & Chips,Episode: Niyom Kanun (2021)","Comedy, Romance",,"  Apratim Chatterjee, Tapasya Dasgupta, Pratik Kumar Dutta"
Hoichoi,358," Fish & Chips,Episode: Washing Machine (2021)","Comedy, Romance",,"  Apratim Chatterjee, Tapasya Dasgupta, Pratik Kumar Dutta"
Hoichoi,359," Fish & Chips,Episode: Golokdhanda (2021)","Comedy, Romance",,"  Apratim Chatterjee, Tapasya Dasgupta, Pratik Kumar Dutta"
Hoichoi,360," Fish & Chips,Episode: Moilar Gari (2021)","Comedy, Romance",,"  Apratim Chatterjee, Tapasya Dasgupta, Pratik Kumar Dutta"
Hoichoi,361,"Robindronath Ekhane Kawkhono Khete Aashenni,Episode: Bohujuger Opar Hote (2021)","Crime, Thriller",,"  Azmeri Haque Badhon, Anirban Bhattacharya, Rahul Bose, Anirban Chakrabarti"
Hoichoi,362,"Robindronath Ekhane Kawkhono Khete Aashenni,Episode: Kalo Horin Chokh (2021)","Crime, Thriller",,"  Azmeri Haque Badhon, Anirban Bhattacharya, Rahul Bose, Anirban Chakrabarti"
Hoichoi,363,"Robindronath Ekhane Kawkhono Khete Aashenni,Episode: Nai Rawsho Nai (2021)","Crime, Thriller",,"  Azmeri Haque Badhon, Anirban Bhattacharya, Rahul Bose, Anirban Chakrabarti"
Hoichoi,364,"Robindronath Ekhane Kawkhono Khete Aashenni,Episode: Tumi Kon Kanoner Phul? (2021)","Crime, Thriller",,"  Azmeri Haque Badhon, Anirban Bhattacharya, Rahul Bose, Anirban Chakrabarti"
Hoichoi,365,"Robindronath Ekhane Kawkhono Khete Aashenni ,Episode: Dekha Pelem Phalgune (2021)","Crime, Thriller",,"  Azmeri Haque Badhon, Anirban Bhattacharya, Rahul Bose, Anirban Chakrabarti"
Hoichoi,366,"Robindronath Ekhane Kawkhono Khete Aashenni,Episode: Tomar Shawnge Praner Khela (2021)","Crime, Thriller",,"  Azmeri Haque Badhon, Anirban Bhattacharya, Rahul Bose, Anirban Chakrabarti"
Hoichoi,367,"Robindronath Ekhane Kawkhono Khete Aashenni,Episode: Hriday Amar Prokash Holo (2021)","Crime, Thriller",,"  Azmeri Haque Badhon, Anirban Bhattacharya, Rahul Bose, Anirban Chakrabarti"
Hoichoi,368,"Robindronath Ekhane Kawkhono Khete Aashenni,Episode: Mayabono Biharini (2021)","Crime, Thriller",,"  Azmeri Haque Badhon, Anirban Bhattacharya, Rahul Bose, Anirban Chakrabarti"
Hoichoi,369,"Robindronath Ekhane Kawkhono Khete Aashenni,Episode: Tobu Mone Rekho (2021)","Crime, Thriller",,"  Azmeri Haque Badhon, Anirban Bhattacharya, Rahul Bose, Anirban Chakrabarti"
Hoichoi,370,"Japani Toy,Episode: Khatarnak Darinda (2018)",Comedy,,"  Rajdeep Gupta, Ishaa Saha, Rajat Ganguly, Kaushiki Guha"
Hoichoi,371,"Japani Toy,Episode: Eureka (2018)",Comedy,,"  Rajdeep Gupta, Ishaa Saha, Rajat Ganguly, Kaushiki Guha"
Hoichoi,372,"Japani Toy,Episode: No guilt, no shame (2018)",Comedy,,"  Rajdeep Gupta, Ishaa Saha, Rajat Ganguly, Kaushiki Guha"
Hoichoi,373,"Japani Toy,Episode: Sexy Siren (2018)",Comedy,,"  Rajdeep Gupta, Ishaa Saha, Rajat Ganguly, Kaushiki Guha"
Hoichoi,374,"Japani Toy,Episode: Shashikala Bylane (2018)",Comedy,,"  Rajdeep Gupta, Ishaa Saha, Rajat Ganguly, Kaushiki Guha"
Hoichoi,375,"Taranath Tantrik,Episode: Taranath Tantrik (2019)",Horror,Qaushiq Mukherjee,"Jayant Kripalani, Kaushik Roy, Shweta Chaudhuri, Joyraj Bhattacharya"
Hoichoi,376,"Taranath Tantrik,Episode: Jawrashur (2019)",Horror,Qaushiq Mukherjee,Gautam Moitra
Hoichoi,377," Taranath Tantrik,Episode: Birajbala (2019)",Horror,Qaushiq Mukherjee,
Hoichoi,378,"Taranath Tantrik,Episode: Tarabhoirobi (2019)",Horror,Qaushiq Mukherjee,
Hoichoi,379,"Taranath Tantrik,Episode: Madhsundari Debi (2019)",Horror,Qaushiq Mukherjee,
Hoichoi,380,"Taranath Tantrik,Episode: Bathtob (2019)",Horror,Qaushiq Mukherjee,
Hoichoi,381,"Mismatch,Episode: Toka Tok Toka Tok (2018)",Comedy,,"  Supurna Malakar, Rajdeep Gupta, Rachel White, Mainak Banerjee"
